Hostname,Interface,IP,Prefix,VLAN,Gateway,DNS,Purpose
OPNsense,em0(wan),DHCP,/22,N/A,DHCP,DHCP,REDACTED
OPNsense,igb0(lan),N/A,N/A,N/A,N/A,N/A,REDACTED
OPNsense,igb0(HOME),REDACTED,REDACTED,REDACTED,N/A,REDACTED,REDACTED
OPNsense,igb0(GUEST),REDACTED,REDACTED,REDACTED,N/A,REDACTED,REDACTED
OPNsense,igb0(MGMT),REDACTED,REDACTED,REDACTED,REDACTED,REDACTED,REDACTED
409-Switch,REDACTED,REDACTED,REDACTED,REDACTED,REDACTED,REDACTED,REDACTED
OMADA1 EAP,REDACTED,REDACTED,REDACTED,REDACTED,REDACTED,REDACTED,REDACTED
OMADA2 EAP,REDACTED,REDACTED,REDACTED,REDACTED,REDACTED,REDACTED,REDACTED
Server,REDACTED,REDACTED,REDACTED,REDACTED,REDACTED,REDACTED,REDACTED
